<?xml version="1.0" encoding="UTF-8"?>
<!DOCTYPE properties SYSTEM "http://java.sun.com/dtd/properties.dtd">
<properties>
	<comment>Member Query</comment>
	
	<entry key="selectMemberList">
		SELECT * FROM MEMBER
	</entry>
	
	<entry key="insertMember">
		INSERT INTO MEMBER
			VALUES (SEQ_USERNO.NEXTVAL, ?, ?, ?, ?, ?, ?, ?, ?, ?, SYSDATE)
	</entry>
	
	<entry key="deleteMember">
		DELETE FROM MEMBER WHERE USERID = ?
	</entry>
	
	<entry key="updateMember">
		UPDATE MEMBER SET USERPW = ?
							, USERNAME = ?
							, ADDRESS = ?
							, PHONE = ?
							, HOBBY = ?
					WHERE USERID = ?
	</entry>
	
	<entry key="selectByUserId">
		SELECT * FROM MEMBER WHERE USERID = ?
	</entry>
	
	<entry key="selectByUserName">
		SELECT * FROM MEMBER WHERE USERNAME LIKE ?
	</entry>
	
</properties>
